{
    "location": {
        "value": "eastasia"
    },
    "virtualNetworkName": {
        "value": "myVnet"
    },
    "virtualNetworkExistingRGName": {
        "value": ""
    },
    "virtualNetworkAddressPrefix": {
        "value": "10.1.0.0/16"
    },
    "Subnet1Prefix": {
        "value": "10.1.1.0/24"
    },
    "Subnet1Name": {
        "value": "Subnet-1"
    },
    "Subnet2Prefix": {
        "value": "10.1.2.0/24"
    },
    "Subnet2Name": {
        "value": "Subnet-2"
    },
    "adminUsername": {
        "value": "cloudguy"
    },
    "adminPassword": {
        "value": "abc_123!"
    },
    "sshPublicKey": {
        "value": ""
    },
    "authenticationType": {
        "value": "password"
    },
    "vmName": {
        "value": "myvm"
    },
    "newStorageAccountName": {
        "value": "cisco1"
    },
    "storageAccountType": {
        "value": "Standard_LRS"
    },
    "storageAccountNewOrExisting": {
        "value": "new"
    },
    "storageAccountExistingRG": {
        "value": ""
    },
    "publicIPAddressName": {
        "value": "myPublicIP"
    },
    "publicIPDnsName": {
        "value": "cisco1"
    },
    "publicIPNewOrExisting": {
        "value": "new"
    },
    "publicIPExistingRGName": {
        "value": ""
    },
    "vnetNewOrExisting" : {
        "value" : "new"
    },
    "baseUrl": {
        "value": "https://raw.githubusercontent.com/mahthi/azure-quickstart-templates/master/cisco-csr-1000v"
    }
}