{
    "$schema": "http://schema.management.azure.com/schemas/2015-01-01/deploymentTemplate.json#",
    "contentVersion": "1.0.0.0",
    "parameters": {
      "VDCName": {
        "Value": "VDC1"
      },
      "subnetFEfixedName": {
        "Value": "subnetFEfixed"
      },
      "subnetFEdynamicName": {
        "Value": "subnetFEdynamic"
      },
      "subnetBEfixedName": {
        "Value": "subnetBEfixed"
      },
      "subnetBEdynamicName": {
        "Value": "subnetBEdynamic"
      },
      "subnetSECfixedName": {
        "Value": "subnetSECfixed"
      }
    }
}
