{
  "$schema": "http://schema.management.azure.com/schemas/2015-01-01/deploymentTemplate.json#",
  "contentVersion": "1.0.0.0",
  "parameters": {
    "VDCName": {
     "value": "VDC1",
    },
    "vnetAddressPrefix": {
      "value": "10.0.0.0/8"
    },
    "vnetSubnetFEfixedAddress": {
      "value": "10.250.0.0/16"
    },
    "vnetSubnetFEdynamicAddress": {
      "value": "10.251.0.0/16"
    },
    "subnetFEfixedName": {
      "value": "subnetFEfixed"
    },
    "subnetFEdynamicName": {
      "value": "subnetFEdynamic"
    },
    "vnetSubnetBEfixedAddress": {
      "value": "10.252.0.0/16"
    },
    "vnetSubnetBEdynamicAddress": {
      "value": "10.253.0.0/16"
    },
    "subnetBEfixedName": {
      "value": "subnetBEfixed"
    },
    "subnetBEdynamicName": {
      "value": "subnetBEdynamic"
    },
    "vnetSubnetSECfixedAddress": {
      "value": "10.249.0.0/16"
    },
    "subnetSECfixedName": {
      "value": "subnetSECfixed"
    },
    "dnsServerAddresses": {
      "value": ["10.252.0.11"]
    }
  }
}
