{
    "$schema": "http://schema.management.azure.com/schemas/2015-01-01/deploymentTemplate.json#",
    "contentVersion": "1.0.0.0",
    "parameters": {
       "VDCName": {
         "type": "string",
         "defaultValue": "VDCNoName",
       },
        "vnetAddressPrefix": {
            "type": "string",
            "metadata": {
              "description": "The wholistic address range to be used in Azure, this contains the subnets but isn't a routing container"
            },
            "defaultValue": "0.0.0.0/8"
        },
        "vnetSubnetFEfixedAddress": {
            "type": "string",
            "metadata": {
              "description": "Front-End Subnet Address Space for Fixed IP assignments"
            },
            "defaultValue": "0.0.0.0/16"
        },
        "vnetSubnetFEdynamicAddress": {
            "type": "string",
            "metadata": {
              "description": "Front-End Subnet Address Space for Dynamic IP assignments"
            },
            "defaultValue": "0.1.0.0/16"
        },
        "subnetFEfixedName": {
            "type": "string",
            "metadata": {
              "description": "Subnet Name Base for Front-End fixed IP address range, will be used to build real subnet names"
            },
            "defaultValue": "subnetFEfixed"
        },
        "subnetFEdynamicName": {
            "type": "string",
            "metadata": {
              "description": "Subnet Name Base for Front-End dynamic IP address range, will be used to build real subnet names"
            },
            "defaultValue": "subnetFEdynamic"
        },
        "vnetSubnetBEfixedAddress": {
            "type": "string",
            "metadata": {
              "description": "Back-End Subnet Address Space for Fixed IP assignments"
            },
            "defaultValue": "0.3.0.0/16"
        },
        "vnetSubnetBEdynamicAddress": {
            "type": "string",
            "metadata": {
              "description": "Back-End Subnet Address Space for Dynamic IP assignments"
            },
            "defaultValue": "0.4.0.0/16"
        },
        "subnetBEfixedName": {
            "type": "string",
            "metadata": {
              "description": "Subnet Name Base for Back-End fixed IP address range, will be used to build real subnet names"
            },
            "defaultValue": "subnetBEfixed"
        },
        "subnetBEdynamicName": {
            "type": "string",
            "metadata": {
              "description": "Subnet Name Base for Back-End dynamic IP address range, will be used to build real subnet names"
            },
            "defaultValue": "subnetBEdynamic"
        },
        "vnetSubnetSECfixedAddress": {
            "type": "string",
            "metadata": {
              "description": "Security Subnet Address Space for Fixed IP assignments"
            },
            "defaultValue": "0.5.0.0/16"
        },
        "subnetSECfixedName": {
            "type": "string",
            "metadata": {
              "description": "Subnet Name Base for Security fixed IP address range, will be used to build real subnet names"
            },
            "defaultValue": "subnetSECfixed"
        }
    },
    "variables": {
      "rgName": "[resourceGroup().name]",
      "location": "[resourceGroup().location]",
      "storageName": "[toLower(concat(variables('RGName'),'lrs'))]",
      "vnetName": "[toLower(concat(parameters('VDCName'),'Vnet'))]",
      "vnetSubnetFEfixedName": "[toLower(concat(parameters('VDCName'),parameters('subnetFEfixedName')))]",
      "vnetSubnetFEdynamicName": "[toLower(concat(parameters('VDCName'),parameters('subnetFEdynamicName')))]",
      "vnetSubnetFEfixedNSGName": "[toLower(concat(parameters('VDCName'),'NSG',parameters('subnetFEfixedName')))]",
      "vnetSubnetFEdynamicNSGName": "[toLower(concat(parameters('VDCName'),'NSG',parameters('subnetFEdynamicName')))]",
      "vnetSubnetFEfixedUDRName": "[toLower(concat(parameters('VDCName'),'UDR',parameters('subnetFEfixedName')))]",
      "vnetSubnetFEdynamicUDRName": "[toLower(concat(parameters('VDCName'),'UDR',parameters('subnetFEdynamicName')))]",
      "vnetSubnetBEfixedName": "[toLower(concat(parameters('VDCName'),parameters('subnetBEfixedName')))]",
      "vnetSubnetBEdynamicName": "[toLower(concat(parameters('VDCName'),parameters('subnetBEdynamicName')))]",
      "vnetSubnetBEfixedNSGName": "[toLower(concat(parameters('VDCName'),'NSG',parameters('subnetBEfixedName')))]",
      "vnetSubnetBEdynamicNSGName": "[toLower(concat(parameters('VDCName'),'NSG',parameters('subnetBEdynamicName')))]",
      "vnetSubnetBEfixedUDRName": "[toLower(concat(parameters('VDCName'),'UDR',parameters('subnetBEfixedName')))]",
      "vnetSubnetBEdynamicUDRName": "[toLower(concat(parameters('VDCName'),'UDR',parameters('subnetBEdynamicName')))]",
      "vnetSubnetSECfixedName": "[toLower(concat(parameters('VDCName'),parameters('subnetSECfixedName')))]",
      "vnetSubnetSECfixedNSGName": "[toLower(concat(parameters('VDCName'),'NSG',parameters('subnetSECfixedName')))]",
      "vnetSubnetSECfixedUDRName": "[toLower(concat(parameters('VDCName'),'UDR',parameters('subnetSECfixedName')))]",
    },
    "resources": [
      {
        "name": "[variables('vnetName')]",
        "type": "Microsoft.Network/virtualNetworks",
        "location": "[variables('location')]",
        "apiVersion": "2015-06-15",
        "dependsOn": [],
        "tags": {
            "displayName": "VDC Virtual Network"
        },
        "properties": {
          "addressSpace": {
              "addressPrefixes": [
                "[parameters('vnetAddressPrefix')]"
              ]
          },
          "subnets": [
            {
              "name": "[variables('vnetSubnetFEfixedName')]",
              "properties": {
                "addressPrefix": "[parameters('vnetSubnetFEfixedAddress')]",
                "networkSecurityGroup": {
                    "id": "[resourceId('Microsoft.Networks/networkSecurityGroups',variables('vnetSubnetFEfixedNSGName'))]"
                }
              },
              "tags": {
                "displayName": "[parameters('subnetFEfixedName')]",
                "ipAllocation": "fixed",
                "security_topology": "frontend"
              }
            },
            {
              "name": "[variables('vnetSubnetFEdynamicName')]",
              "properties": {
                "addressPrefix": "[parameters('vnetSubnetFEdynamicAddress')]",
                "networkSecurityGroup": {
                  "id": "[resourceId('Microsoft.Networks/networkSecurityGroups',variables('vnetSubnetFEdynamicNSGName'))]"
                }
              },
              "tags": {
                "displayName": "'parameters('subnetFEdynamicName')'",
                "ipAllocation": "dynamic",
                "security_topology": "frontend"
              }
            },
            {
              "name": "[variables('vnetSubnetBEfixedName')]",
              "properties": {
                "addressPrefix": "[parameters('vnetSubnetBEfixedAddress')]",
                "networkSecurityGroup": {
                  "id": "[resourceId('Microsoft.Networks/networkSecurityGroups',variables('vnetSubnetBEfixedNSGName'))]"
                }
              },
              "tags": {
                "displayName": "[parameters('subnetBEfixedName')]",
                "ipAllocation": "fixed",
                "security_topology": "backend"
              }
            },
            {
              "name": "[variables('vnetSubnetBEdynamicName')]",
              "properties": {
                "addressPrefix": "[parameters('vnetSubnetBEdynamicAddress')]",
                "networkSecurityGroup": {
                    "id": "[resourceId('Microsoft.Networks/networkSecurityGroups',variables('vnetSubnetBEdynamicNSGName'))]"
                }
              },
              "tags": {
                "displayName": "'parameters('subnetBEdynamicName')'",
                "ipAllocation": "dynamic",
                "security_topology": "backend"
              }
            },
            {
              "name": "[variables('vnetSubnetSECfixedName')]",
              "properties": {
                "addressPrefix": "[parameters('vnetSubnetSECfixedAddress')]",
                "networkSecurityGroup": {
                    "id": "[resourceId('Microsoft.Networks/networkSecurityGroups',variables('vnetSubnetSECfixedNSGName'))]"
                }
              },
              "tags": {
                "displayName": "[parameters('subnetSECfixedName')]",
                "ipAllocation": "fixed",
                "security_topology": "secure_management"
              }
            },
          ]
        }
      }
    ]
}
