{
  "$schema": "https://schema.management.azure.com/schemas/2015-01-01/deploymentTemplate.json#",
  "contentVersion": "1.0.0.0",
  "parameters": {
    "availabilitySetName": {
      "type": "string",
      "metadata": {
        "description": "availability set name"
      }
    }
  },
  "variables": {
    "location": "[resourceGroup().location]"
  },
  "resources": [
    {
    "name": "[parameters('availabilitySetName')]",
    "type": "Microsoft.Compute/availabilitySets",
    "apiVersion": "2015-05-01-preview",
    "location": "[variables('location')]"
    }
  ]
}
