{
    "$schema": "http://schema.management.azure.com/schemas/2015-01-01/deploymentTemplate.json#",
    "contentVersion": "1.0.0.0",
    "parameters": {
       "storageType": {
          "type": "string",
          "defaultValue": "Standard_LRS",
          "allowedValues": [
              "Standard_LRS",
              "Standard_ZRS",
              "Standard_GRS",
              "Standard_RAGRS",
              "Premium_LRS"
            ]
        },
        "storageNameOutput": {
          "type": "string",
          "defaultValue": ""
        }
    },
    "variables": {
        "rgName": "[resourceGroup().name]",
        "location": "[resourceGroup().location]",
        "Standard_LRS":"LRS",
        "Standard_ZRS":"ZRS",
        "Standard_GRS":"GRS",
        "Standard_RAGRS":"RAGRS",
        "Premium_LRS":"PLRS",
        "storageSuffix": "[variables(parameters('storageType'))]",
        "storageAccountName": "[toLower(concat(variables('rgName'),variables('storageSuffix')))]",
    },
    "resources": [
        {
            "name": "[variables('storageAccountName')]",
            "type": "Microsoft.Storage/storageAccounts",
            "location": "[variables('location')]",
            "apiVersion": "2015-06-15",
            "dependsOn": [ ],
            "tags": {
                "displayName": "coreStorage",
                "type": "storage",
                "resourceGroup": "core",
                "storagetype": "storageSuffix"
            },
            "properties": {
                "accountType": "[parameters('StorageType')]"
            }
        },
    ],
    "outputs":{
      "storageNameOutput": {
        "type": "string",
        "value": "[variables('storageAccountName')]"
      }
    }
}
